City_ID,City,Country,Date,Lat,Lng,Max Temp,Humidity,Cloudiness,Wind Speed
0,Mnogovershinnyy,RU,2021-03-26 22:33:39,53.9353,139.9242,21.54,78,10,3.51
1,Letychiv,UA,2021-03-26 22:33:40,49.3826,27.6305,40.44,71,100,2.93
2,Rikitea,PF,2021-03-26 22:30:09,-23.1203,-134.9692,79.2,72,1,17.74
3,Georgetown,MY,2021-03-26 22:33:40,5.4112,100.3354,78.8,100,40,2.59
4,Clyde River,CA,2021-03-26 22:33:32,70.4692,-68.5914,-16.6,76,75,5.32
5,Formosa Do Rio Preto,BR,2021-03-26 22:33:41,-11.0483,-45.1931,74.7,59,100,3.27
6,Port Lincoln,AU,2021-03-26 22:33:41,-34.7333,135.8667,63.43,65,30,9.37
7,Hermanus,ZA,2021-03-26 22:33:19,-34.4187,19.2345,63.0,89,30,5.01
8,Porto Novo,BJ,2021-03-26 22:33:41,6.4965,2.6036,84.2,79,40,13.8
9,Whitehorse,CA,2021-03-26 22:33:42,60.7161,-135.0538,37.99,48,75,11.5
10,Albany,US,2021-03-26 22:33:42,42.6001,-73.9662,57.2,58,75,21.85
11,Sao Joao Da Barra,BR,2021-03-26 22:33:42,-21.6403,-41.0511,80.6,69,0,13.8
12,Fort Nelson,CA,2021-03-26 22:33:43,58.8053,-122.7002,39.2,52,75,3.44
13,Lorengau,PG,2021-03-26 22:32:23,-2.0226,147.2712,82.67,77,100,4.81
14,Atuona,PF,2021-03-26 22:31:17,-9.8,-139.0333,80.85,75,20,20.07
15,Punta Arenas,CL,2021-03-26 22:33:22,-53.15,-70.9167,53.6,58,75,14.97
16,Tuktoyaktuk,CA,2021-03-26 22:33:39,69.4541,-133.0374,-7.6,77,40,10.36
17,Port Alfred,ZA,2021-03-26 22:33:44,-33.5906,26.891,70.05,86,90,23.09
18,Sibiti,CG,2021-03-26 22:33:44,-3.6819,13.3499,68.81,96,100,1.5
19,Chake Chake,TZ,2021-03-26 22:33:44,-5.2459,39.7666,79.92,75,68,4.27
20,La Macarena,CO,2021-03-26 22:33:45,2.1837,-73.7849,73.53,94,97,3.47
21,East London,ZA,2021-03-26 22:31:22,-33.0153,27.9116,67.66,87,59,11.61
22,Castro,BR,2021-03-26 22:30:21,-24.7911,-50.0119,68.49,85,63,4.21
23,Haines Junction,CA,2021-03-26 22:33:45,60.7522,-137.5108,32.0,59,100,3.44
24,Osakarovka,KZ,2021-03-26 22:33:46,50.565,72.5692,33.19,99,100,9.75
25,Touros,BR,2021-03-26 22:33:46,-5.1989,-35.4608,77.0,88,75,5.75
26,Puerto Ayora,EC,2021-03-26 22:31:13,-0.7393,-90.3518,82.4,74,20,9.22
27,Katsuura,JP,2021-03-26 22:33:47,35.1333,140.3,55.0,53,11,3.0
28,Mamakan,RU,2021-03-26 22:33:47,57.8161,114.0028,19.54,95,100,0.54
29,Hobyo,SO,2021-03-26 22:33:47,5.3505,48.5268,79.47,69,8,11.74
30,Kununurra,AU,2021-03-26 22:33:48,-15.7667,128.7333,75.2,50,57,3.65
31,Walvis Bay,NA,2021-03-26 22:33:48,-22.9575,14.5053,62.01,100,36,3.44
32,Makaha,US,2021-03-26 22:33:48,21.4694,-158.2175,80.6,61,75,8.05
33,Kasongo-Lunda,CD,2021-03-26 22:33:49,-6.4667,16.8167,69.94,98,100,1.45
34,Jamestown,US,2021-03-26 22:29:57,42.097,-79.2353,42.01,93,90,16.02
35,Bambous Virieux,MU,2021-03-26 22:33:49,-20.3428,57.7575,77.0,88,20,3.44
36,Richards Bay,ZA,2021-03-26 22:33:49,-28.783,32.0377,66.88,93,32,5.97
37,Hammerfest,NO,2021-03-26 22:33:50,70.6634,23.6821,37.4,65,0,11.5
38,Yellowknife,CA,2021-03-26 22:28:52,62.456,-114.3525,18.0,66,20,9.22
39,Kodiak,US,2021-03-26 22:31:25,57.79,-152.4072,37.4,48,40,12.66
40,Mataura,NZ,2021-03-26 22:33:50,-46.1927,168.8643,62.01,74,100,7.0
41,Opuwo,NA,2021-03-26 22:33:51,-18.0607,13.84,67.05,69,98,5.79
42,Zhicheng,CN,2021-03-26 22:33:51,30.2956,111.5047,55.0,95,100,2.93
43,Vaini,TO,2021-03-26 22:32:25,-21.2,-175.2,84.2,79,75,8.05
44,Lompoc,US,2021-03-26 22:32:32,34.6391,-120.4579,64.0,55,1,14.97
45,Calabozo,VE,2021-03-26 22:33:52,8.9242,-67.4293,88.56,36,65,7.87
46,Okha,RU,2021-03-26 22:33:52,53.5739,142.9478,16.43,88,60,6.04
47,Jacareacanga,BR,2021-03-26 22:33:52,-6.2222,-57.7528,73.92,94,38,1.48
48,Butaritari,KI,2021-03-26 22:33:53,3.0707,172.7902,81.81,76,32,14.25
49,Meadow Lake,US,2021-03-26 22:33:53,34.8014,-106.5436,57.0,22,40,14.97
50,Anadyr,RU,2021-03-26 22:33:53,64.75,177.4833,-2.2,78,0,11.18
51,Luderitz,NA,2021-03-26 22:33:18,-26.6481,15.1594,62.6,79,0,9.22
52,Wanning,CN,2021-03-26 22:33:54,18.8003,110.3967,72.01,87,39,2.77
53,Padang,ID,2021-03-26 22:33:54,-0.9492,100.3543,77.0,94,75,2.3
54,Codrington,AU,2021-03-26 22:33:54,-38.2667,141.9667,59.85,71,63,12.59
55,Busselton,AU,2021-03-26 22:31:10,-33.65,115.3333,46.99,89,80,6.04
56,Carnarvon,AU,2021-03-26 22:33:34,-24.8667,113.6333,75.2,69,100,10.36
57,Arraial Do Cabo,BR,2021-03-26 22:33:55,-22.9661,-42.0278,80.6,78,20,10.36
58,Ormara,PK,2021-03-26 22:33:55,25.2088,64.6357,76.35,63,7,9.95
59,Portachuelo,BO,2021-03-26 22:33:56,-17.35,-63.4,82.4,74,40,12.66
60,Bredasdorp,ZA,2021-03-26 22:33:56,-34.5322,20.0403,60.8,72,2,6.91
61,Parrita,CR,2021-03-26 22:33:56,9.5201,-84.3225,84.2,53,20,16.11
62,Grindavik,IS,2021-03-26 22:33:57,63.8424,-22.4338,21.2,68,75,12.66
63,Skjervoy,NO,2021-03-26 22:33:57,70.0311,20.9714,37.81,74,100,16.51
64,Bathsheba,BB,2021-03-26 22:33:57,13.2167,-59.5167,78.8,61,75,19.57
65,Half Moon Bay,US,2021-03-26 22:31:27,37.4636,-122.4286,69.8,36,1,17.27
66,Ngunguru,NZ,2021-03-26 22:33:19,-35.6167,174.5,69.01,79,73,15.01
67,Hilo,US,2021-03-26 22:33:53,19.7297,-155.09,82.4,61,75,13.8
68,Constitucion,CL,2021-03-26 22:33:58,-35.3333,-72.4167,59.05,72,0,13.38
69,Prokhorovka,RU,2021-03-26 22:33:59,51.0374,36.7325,35.6,80,0,4.47
70,Banda Aceh,ID,2021-03-26 22:33:59,5.5577,95.3222,78.94,82,100,11.01
71,Kruisfontein,ZA,2021-03-26 22:33:59,-34.0033,24.7314,66.0,69,15,1.99
72,Provideniya,RU,2021-03-26 22:34:00,64.3833,-173.3,5.86,87,100,14.0
73,Avarua,CK,2021-03-26 22:34:00,-21.2078,-159.775,84.2,70,75,18.41
74,Marrakesh,MA,2021-03-26 22:29:28,31.6315,-8.0083,69.8,24,20,5.75
75,Bethel,US,2021-03-26 22:33:35,41.3712,-73.414,73.4,31,1,20.71
76,Geraldton,AU,2021-03-26 22:34:00,-28.7667,114.6,59.0,88,3,8.05
77,Cape Town,ZA,2021-03-26 22:31:25,-33.9258,18.4232,64.99,94,75,8.05
78,Murfreesboro,US,2021-03-26 22:32:44,35.8456,-86.3903,73.4,33,1,4.61
79,Coquimbo,CL,2021-03-26 22:32:30,-29.9533,-71.3436,62.6,72,0,12.66
80,Barstow,US,2021-03-26 22:34:01,34.8986,-117.0228,66.2,12,1,16.11
81,Ware,GB,2021-03-26 22:34:01,51.8126,-0.0283,39.99,81,40,14.97
82,Bima,ID,2021-03-26 22:34:02,-8.4667,118.7167,78.08,92,98,3.18
83,Santa Maria,BR,2021-03-26 22:34:02,-29.6842,-53.8069,69.8,100,20,1.14
84,Oriximina,BR,2021-03-26 22:34:02,-1.7656,-55.8661,75.11,90,94,3.76
85,Finote Selam,ET,2021-03-26 22:34:03,10.7,37.2667,66.0,16,10,1.79
86,Roznava,SK,2021-03-26 22:34:03,48.6601,20.5376,37.4,80,0,3.44
87,Ushuaia,AR,2021-03-26 22:31:12,-54.8,-68.3,50.0,62,75,5.75
88,Yaan,NG,2021-03-26 22:34:04,7.3833,8.5667,87.37,40,17,2.93
89,Vestmannaeyjar,IS,2021-03-26 22:34:04,63.4427,-20.2734,21.78,63,13,12.17
90,Salvador,SV,2021-03-26 22:33:18,13.8333,-88.9167,89.6,65,20,13.8
91,Henties Bay,NA,2021-03-26 22:31:21,-22.116,14.2845,62.01,94,12,3.0
92,Pacific Grove,US,2021-03-26 22:34:05,36.6177,-121.9166,68.0,30,1,9.22
93,Shingu,JP,2021-03-26 22:34:05,33.7333,135.9833,53.65,41,67,3.98
94,Hobart,AU,2021-03-26 22:30:44,-42.8794,147.3294,57.2,82,75,6.91
95,Burnie,AU,2021-03-26 22:32:37,-41.0667,145.9167,54.0,94,100,1.99
96,Anderson,US,2021-03-26 22:34:06,34.5334,-82.6499,75.2,50,1,14.97
97,Ilulissat,GL,2021-03-26 22:34:06,69.2167,-51.1,-13.0,48,9,6.53
98,La Ronge,CA,2021-03-26 22:33:53,55.1001,-105.2842,23.0,63,100,6.91
99,Abu Samrah,SY,2021-03-26 22:34:06,35.3029,37.1841,40.59,71,19,13.31
100,Talnakh,RU,2021-03-26 22:32:13,69.4865,88.3972,15.75,94,100,10.02
101,Bluff,NZ,2021-03-26 22:31:05,-46.6,168.3333,62.01,74,100,7.0
102,Yantal,RU,2021-03-26 22:34:07,56.8471,105.2542,14.41,99,99,3.06
103,Victoria,HK,2021-03-26 22:30:09,22.2855,114.1577,73.0,88,99,3.0
104,Catalina,US,2021-03-26 22:34:08,32.5056,-110.9211,63.0,38,53,3.0
105,Sitka,US,2021-03-26 22:34:08,57.0531,-135.33,41.0,87,90,4.61
106,Dharchula,IN,2021-03-26 22:34:08,29.85,80.5333,57.29,23,0,8.01
107,Ribeira Grande,PT,2021-03-26 22:32:26,38.5167,-28.7,57.2,67,20,12.66
108,Atlantic City,US,2021-03-26 22:34:09,39.3643,-74.4229,78.8,24,6,28.77
109,Amahai,ID,2021-03-26 22:34:09,-3.3333,128.9167,80.8,78,92,2.28
110,Pisco,PE,2021-03-26 22:34:10,-13.7,-76.2167,73.4,68,0,25.32
111,New Norfolk,AU,2021-03-26 22:34:10,-42.7826,147.0587,57.0,89,100,3.8
112,Laguna,US,2021-03-26 22:31:10,38.421,-121.4238,73.4,17,1,11.5
113,Narsaq,GL,2021-03-26 22:34:12,60.9167,-46.05,8.6,47,0,1.14
114,Guanajuato,MX,2021-03-26 22:34:12,21.0186,-101.2591,84.2,6,75,4.61
115,Taltal,CL,2021-03-26 22:34:12,-25.4,-70.4833,66.36,76,23,5.14
116,Mayo,US,2021-03-26 22:32:11,38.8876,-76.5119,75.2,31,1,18.41
117,Baruun-Urt,MN,2021-03-26 22:32:10,46.6806,113.2792,39.81,28,66,16.06
118,Berlevag,NO,2021-03-26 22:34:13,70.8578,29.0864,35.6,60,0,20.71
119,Honningsvag,NO,2021-03-26 22:32:32,70.9821,25.9704,30.2,74,0,33.38
120,Port Macquarie,AU,2021-03-26 22:31:34,-31.4333,152.9167,73.0,80,85,6.82
121,Lukovskaya,RU,2021-03-26 22:34:14,43.7295,44.6335,39.2,75,83,6.71
122,Biskamzha,RU,2021-03-26 22:34:14,53.4497,89.5272,11.5,98,98,1.19
123,Suhl,DE,2021-03-26 22:34:14,50.6,10.7,39.99,79,98,5.37
124,Jiujiang,CN,2021-03-26 22:34:15,29.7333,115.9833,62.51,93,98,7.83
125,Strezhevoy,RU,2021-03-26 22:34:15,60.7333,77.5889,26.6,93,0,2.24
126,Vila Do Maio,CV,2021-03-26 22:34:16,15.1333,-23.2167,68.0,73,20,25.32
127,Paamiut,GL,2021-03-26 22:34:16,61.994,-49.6678,-3.35,77,49,20.94
128,Balikpapan,ID,2021-03-26 22:34:16,-1.2675,116.8289,74.71,93,100,4.47
129,Fairbanks,US,2021-03-26 22:30:04,64.8378,-147.7164,27.0,74,90,6.91
130,Upernavik,GL,2021-03-26 22:34:17,72.7868,-56.1549,-32.64,85,7,3.74
131,Mar Del Plata,AR,2021-03-26 22:30:00,-38.0023,-57.5575,64.99,94,90,23.02
132,Qui Nhon,VN,2021-03-26 22:34:17,13.7667,109.2333,74.7,88,90,1.95
133,Tasiilaq,GL,2021-03-26 22:31:21,65.6145,-37.6368,5.0,56,75,10.36
134,Kieta,PG,2021-03-26 22:34:18,-6.2167,155.6333,82.72,80,99,7.05
135,Batemans Bay,AU,2021-03-26 22:34:18,-35.7167,150.1833,64.99,78,4,1.01
136,Westport,US,2021-03-26 22:34:18,41.1415,-73.3579,73.4,33,1,24.16
137,Hithadhoo,MV,2021-03-26 22:34:19,-0.6,73.0833,82.53,70,72,7.31
138,Damietta,EG,2021-03-26 22:34:19,31.4165,31.8133,55.4,62,40,12.66
139,Jinka,ET,2021-03-26 22:34:20,5.65,36.65,66.97,33,70,2.17
140,Vostok,RU,2021-03-26 22:34:20,46.4856,135.8833,31.78,78,100,4.23
141,Lebu,CL,2021-03-26 22:34:20,-37.6167,-73.65,56.21,74,0,19.46
142,Viedma,AR,2021-03-26 22:30:25,-40.8135,-62.9967,57.99,49,71,7.87
143,Lagoa,PT,2021-03-26 22:31:35,39.05,-27.9833,56.84,61,38,7.16
144,Qaanaaq,GL,2021-03-26 22:31:22,77.484,-69.3632,-8.97,64,100,4.74
145,Eirunepe,BR,2021-03-26 22:34:21,-6.6603,-69.8736,75.18,95,80,2.26
146,Muros,ES,2021-03-26 22:34:21,42.7762,-9.0603,45.0,88,49,9.91
147,Taonan,CN,2021-03-26 22:34:22,45.3333,122.7833,43.11,50,0,5.53
148,Yishui,CN,2021-03-26 22:34:22,35.7847,118.6281,51.13,89,100,6.96
149,Linqiong,CN,2021-03-26 22:34:22,30.4159,103.4609,55.4,94,0,4.47
150,Norman Wells,CA,2021-03-26 22:34:23,65.282,-126.8329,32.0,43,75,10.83
151,Kholmskaya,RU,2021-03-26 22:34:23,44.846,38.389,37.99,80,96,1.59
152,Beaufort,MY,2021-03-26 22:34:24,5.3473,115.7455,77.0,100,20,2.37
153,Barrow,US,2021-03-26 22:31:05,71.2906,-156.7887,-11.2,84,20,3.44
154,Rio Grande,BR,2021-03-26 22:34:15,-32.035,-52.0986,73.0,95,100,6.15
155,Waddan,LY,2021-03-26 22:34:24,29.1614,16.139,53.89,53,4,10.18
156,Tuatapere,NZ,2021-03-26 22:33:51,-46.1333,167.6833,62.01,74,100,7.0
157,Hirara,JP,2021-03-26 22:34:25,24.8,125.2833,73.4,94,75,12.66
158,Dikson,RU,2021-03-26 22:34:25,73.5069,80.5464,-12.86,100,100,10.02
159,Nome,US,2021-03-26 22:34:25,64.5011,-165.4064,12.99,79,90,11.5
160,Souillac,MU,2021-03-26 22:33:09,-20.5167,57.5167,77.0,88,20,3.44
161,Port Blair,IN,2021-03-26 22:31:45,11.6667,92.75,81.95,73,90,8.43
162,Gardenstown,GB,2021-03-26 22:34:26,57.671,-2.336,37.99,69,24,9.91
163,Berbera,SO,2021-03-26 22:34:26,10.4396,45.0143,76.08,75,67,0.69
164,Nikolskoye,RU,2021-03-26 22:34:27,59.7035,30.7861,34.0,93,40,2.24
165,Cayenne,GF,2021-03-26 22:30:11,4.9333,-52.3333,81.0,78,40,10.36
166,Mahebourg,MU,2021-03-26 22:31:40,-20.4081,57.7,77.0,88,20,3.44
167,Senador Jose Porfirio,BR,2021-03-26 22:34:27,-2.5908,-51.9542,75.15,93,83,3.78
168,Aswan,EG,2021-03-26 22:34:28,24.0934,32.907,62.98,30,3,17.02
169,Kangaba,ML,2021-03-26 22:34:28,11.9333,-8.4167,83.61,14,47,5.19
170,Stokmarknes,NO,2021-03-26 22:31:06,68.5646,14.9108,36.0,66,94,32.99
171,Muscat,OM,2021-03-26 22:34:29,23.6139,58.5922,73.4,73,0,3.44
172,Mendota,US,2021-03-26 22:34:29,36.7536,-120.3816,68.0,32,1,4.61
173,Saint-Prosper,CA,2021-03-26 22:34:29,46.2117,-70.4811,44.6,93,100,3.44
174,Formiga,BR,2021-03-26 22:34:30,-20.4644,-45.4264,68.34,82,72,2.91
175,Aureliana,PH,2021-03-26 22:34:30,10.8885,121.978,79.9,73,99,4.63
176,Nosy Varika,MG,2021-03-26 22:34:30,-20.5833,48.5333,74.1,92,38,3.4
177,Nishihara,JP,2021-03-26 22:34:31,26.1842,127.7558,69.8,78,20,12.66
178,Sterling,US,2021-03-26 22:31:03,39.0062,-77.4286,73.4,33,20,20.71
179,Ola,RU,2021-03-26 22:34:31,59.5833,151.2833,0.81,89,50,3.6
180,Saint-Philippe,RE,2021-03-26 22:31:46,-21.3585,55.7679,77.0,78,0,5.75
181,Port Hedland,AU,2021-03-26 22:33:29,-20.3167,118.5667,77.0,94,0,6.91
182,Hatton,LK,2021-03-26 22:34:32,6.8916,80.5955,61.0,81,100,3.47
183,Ponta Do Sol,PT,2021-03-26 22:33:35,32.6667,-17.1,64.4,94,40,9.22
184,Latung,PH,2021-03-26 22:34:32,5.5,120.8833,81.37,76,73,1.57
185,Guanare,VE,2021-03-26 22:34:33,9.0418,-69.7421,81.84,54,56,4.12
186,Middlesbrough,GB,2021-03-26 22:34:33,54.5762,-1.2348,39.99,79,12,11.01
187,Eston,CA,2021-03-26 22:34:33,51.1501,-108.7514,37.4,60,75,12.66
188,Edelira,PY,2021-03-26 22:34:34,-26.75,-55.2667,75.97,73,100,5.21
189,Okhotsk,RU,2021-03-26 22:34:34,59.3833,143.3,0.01,88,37,7.0
190,Hambantota,LK,2021-03-26 22:32:31,6.1241,81.1185,78.71,83,100,9.98
191,Mareeba,AU,2021-03-26 22:34:34,-17.0,145.4333,82.4,78,69,5.75
192,Igarka,RU,2021-03-26 22:34:35,67.4667,86.5833,24.85,95,99,13.71
193,Esperance,AU,2021-03-26 22:34:33,-33.8667,121.9,53.6,87,0,12.66
194,Olden,NO,2021-03-26 22:34:35,61.8364,6.8064,42.8,75,75,17.27
195,Kapaa,US,2021-03-26 22:32:45,22.0752,-159.319,79.0,78,1,8.05
196,Paragominas,BR,2021-03-26 22:34:36,-2.9667,-47.4833,71.67,98,71,3.15
197,Vardo,NO,2021-03-26 22:33:40,70.3705,31.1107,26.6,74,88,18.41
198,Bure,ET,2021-03-26 22:34:36,10.7,37.0667,65.21,23,13,1.88
199,San Policarpo,PH,2021-03-26 22:33:48,12.1791,125.5072,79.99,82,76,11.68
200,San Cristobal,VE,2021-03-26 22:34:37,7.7669,-72.225,71.6,100,75,2.3
201,Broome,US,2021-03-26 22:34:37,42.2506,-75.833,46.4,71,90,17.27
202,Kaitangata,NZ,2021-03-26 22:31:16,-46.2817,169.8464,63.0,72,90,1.01
203,Avera,US,2021-03-26 22:32:36,33.194,-82.5271,69.8,87,90,5.7
204,Klaksvik,FO,2021-03-26 22:33:39,62.2266,-6.589,37.4,48,40,25.32
205,Riohacha,CO,2021-03-26 22:34:38,11.5444,-72.9072,82.99,57,0,16.53
206,Isangel,VU,2021-03-26 22:34:38,-19.55,169.2667,83.26,69,10,6.04
207,Thompson,CA,2021-03-26 22:34:07,55.7435,-97.8558,24.8,86,90,11.5
208,Gulfport,US,2021-03-26 22:34:39,30.3674,-89.0928,77.0,83,90,6.91
209,Salinopolis,BR,2021-03-26 22:34:39,-0.6136,-47.3561,74.37,92,100,4.9
210,Lodja,CD,2021-03-26 22:34:40,-3.4833,23.4333,67.55,94,97,0.94
211,Summerland,CA,2021-03-26 22:34:40,49.5998,-119.6691,55.4,37,76,2.3
212,Kajaani,FI,2021-03-26 22:34:40,64.2273,27.7285,35.6,75,0,8.05
213,Saskylakh,RU,2021-03-26 22:33:21,71.9167,114.0833,1.9,97,99,3.13
214,Tokoroa,NZ,2021-03-26 22:34:41,-38.2333,175.8667,68.0,72,36,3.0
215,Seoul,KR,2021-03-26 22:34:41,37.5683,126.9778,48.2,76,75,1.14
216,Cabo San Lucas,MX,2021-03-26 22:33:47,22.8909,-109.9124,78.01,53,40,13.8
217,Sao Filipe,CV,2021-03-26 22:34:42,14.8961,-24.4956,70.18,76,14,15.66
218,Merauke,ID,2021-03-26 22:34:42,-8.4667,140.3333,78.22,89,100,8.86
219,Preobrazheniye,RU,2021-03-26 22:34:42,42.9019,133.9064,37.11,70,100,4.52
220,Post Falls,US,2021-03-26 22:32:42,47.718,-116.9516,48.99,49,40,13.8
221,Kimbe,PG,2021-03-26 22:34:03,-5.5502,150.1429,85.01,68,95,2.33
222,Kijang,KR,2021-03-26 22:34:43,35.2442,129.2139,46.4,81,0,3.44
223,Halifax,CA,2021-03-26 22:32:40,44.6453,-63.5724,50.0,100,100,21.85
224,Ust-Omchug,RU,2021-03-26 22:32:02,61.15,149.6333,-7.58,93,64,0.51
225,Ancud,CL,2021-03-26 22:31:17,-41.8697,-73.8203,60.8,67,0,6.91
226,Ngorongoro,TZ,2021-03-26 22:34:44,-3.2397,35.4875,51.33,89,99,5.57
227,Cap-Aux-Meules,CA,2021-03-26 22:34:44,47.3821,-61.8597,33.8,100,100,17.27
228,Kiama,AU,2021-03-26 22:34:44,-34.6833,150.8667,68.0,71,7,4.0
229,Zhigansk,RU,2021-03-26 22:34:44,66.7697,123.3711,11.93,93,100,21.59
230,Rudnyy,KZ,2021-03-26 22:34:02,52.9594,63.1206,24.8,74,0,6.71
231,Port Hardy,CA,2021-03-26 22:30:08,50.6996,-127.4199,48.2,76,90,8.05
232,Beyneu,KZ,2021-03-26 22:34:45,45.3167,55.2,41.36,62,31,15.19
233,Valparaiso,CL,2021-03-26 22:30:04,-33.0393,-71.6273,73.4,48,0,20.71
234,Alice Springs,AU,2021-03-26 22:30:07,-23.7,133.8833,68.0,88,36,5.75
235,Piripiri,BR,2021-03-26 22:34:46,-4.2733,-41.7769,72.05,98,100,1.74
236,Hamilton,US,2021-03-26 22:31:13,39.1834,-84.5333,57.2,67,90,9.22
237,Raudeberg,NO,2021-03-26 22:34:46,61.9875,5.1352,41.0,93,100,22.66
238,Huambo,AO,2021-03-26 22:34:46,-12.7761,15.7392,59.79,95,100,2.19
239,Donegal,IE,2021-03-26 22:34:47,54.65,-8.1167,38.35,74,88,23.2
240,Nalut,LY,2021-03-26 22:31:31,30.3333,10.85,55.22,27,0,9.55
241,Airai,TL,2021-03-26 22:31:27,-8.9266,125.4092,64.0,85,98,1.72
242,The Valley,AI,2021-03-26 22:34:48,18.217,-63.0578,78.8,69,40,13.8
243,Inhambane,MZ,2021-03-26 22:34:48,-23.865,35.3833,74.98,86,19,7.61
244,Oxelosund,SE,2021-03-26 22:34:48,58.6706,17.1015,39.2,93,99,4.61
245,Vila Velha,BR,2021-03-26 22:33:31,-20.3297,-40.2925,80.6,74,0,6.91
246,Hasaki,JP,2021-03-26 22:31:13,35.7333,140.8333,48.2,61,20,6.91
247,Vanavara,RU,2021-03-26 22:34:49,60.34,102.2797,-3.01,100,76,3.42
248,Saint-Joseph,RE,2021-03-26 22:34:49,-21.3667,55.6167,77.0,78,0,5.75
249,Ranong,TH,2021-03-26 22:34:50,9.9658,98.6348,76.03,91,29,4.47
250,Vao,NC,2021-03-26 22:34:50,-22.6667,167.4833,78.08,74,15,13.47
251,Sabha,LY,2021-03-26 22:34:50,27.0377,14.4283,55.17,37,0,10.76
252,Severo-Kurilsk,RU,2021-03-26 22:31:21,50.6789,156.125,26.33,93,100,17.94
253,Jan Kempdorp,ZA,2021-03-26 22:34:51,-27.9225,24.8305,63.75,40,20,2.77
254,Puerto Narino,CO,2021-03-26 22:34:51,-3.7703,-70.3831,80.6,89,75,8.05
255,Wangaratta,AU,2021-03-26 22:34:51,-36.3667,146.3333,60.01,94,90,4.18
256,Saldanha,ZA,2021-03-26 22:32:27,-33.0117,17.9442,62.6,82,5,2.3
257,Isla Vista,US,2021-03-26 22:34:52,34.4133,-119.861,64.0,48,1,10.36
258,Nemuro,JP,2021-03-26 22:33:33,43.3236,145.575,30.25,63,1,20.94
259,Chokurdakh,RU,2021-03-26 22:34:53,70.6333,147.9167,-20.38,97,83,5.26
260,La Baule-Escoublac,FR,2021-03-26 22:34:53,47.2922,-2.364,45.0,70,0,8.05
261,Tilichiki,RU,2021-03-26 22:33:49,60.4667,166.1,1.2,88,25,5.77
262,Belaya Gora,RU,2021-03-26 22:34:53,68.5333,146.4167,-12.19,94,82,3.67
263,Yar-Sale,RU,2021-03-26 22:34:54,66.8333,70.8333,1.26,91,42,12.19
264,Naushahro Firoz,PK,2021-03-26 22:34:54,26.8424,68.123,81.86,16,0,9.06
265,Bekhtery,UA,2021-03-26 22:34:54,46.251,32.2927,38.68,81,65,6.51
266,Robertsport,LR,2021-03-26 22:34:55,6.7533,-11.3686,79.11,90,7,8.55
267,Taywarah,AF,2021-03-26 22:34:55,33.35,64.4167,47.23,41,31,2.06
268,Todos Santos,MX,2021-03-26 22:34:55,23.45,-110.2167,66.0,67,29,7.0
269,Gerash,IR,2021-03-26 22:34:56,27.6652,54.1371,69.8,37,0,4.7
270,Batticaloa,LK,2021-03-26 22:34:56,7.7102,81.6924,79.59,83,100,0.87
271,Vikhorevka,RU,2021-03-26 22:34:56,56.1201,101.1636,19.4,100,40,8.95
272,Palmer,US,2021-03-26 22:34:57,42.1584,-72.3287,75.2,31,40,31.07
273,Cabinda,AO,2021-03-26 22:34:57,-5.55,12.2,78.19,82,100,4.03
274,Bengkulu,ID,2021-03-26 22:34:57,-3.8004,102.2655,76.14,90,99,3.31
275,Basco,PH,2021-03-26 22:34:58,20.4487,121.9702,78.01,80,29,16.26
276,Ribeira Brava,PT,2021-03-26 22:34:58,32.65,-17.0667,64.4,94,40,9.22
277,San Juan,AR,2021-03-26 22:34:58,-31.5375,-68.5364,62.1,44,19,11.68
278,Kintampo,GH,2021-03-26 22:34:59,8.0563,-1.7306,86.61,40,48,9.91
279,Ninghai,CN,2021-03-26 22:34:59,29.2892,121.4247,64.99,95,99,3.51
280,Mumford,GH,2021-03-26 22:34:59,5.2618,-0.759,80.38,85,2,8.75
281,Caravelas,BR,2021-03-26 22:35:00,-17.7125,-39.2481,76.03,77,0,5.68
282,Zhanaozen,KZ,2021-03-26 22:35:00,43.3,52.8,39.52,72,94,7.74
283,Borba,BR,2021-03-26 22:33:43,-4.3878,-59.5939,74.62,96,71,1.74
284,Rassvet,RU,2021-03-26 22:35:01,46.8333,40.75,32.43,96,100,8.7
285,Mount Gambier,AU,2021-03-26 22:35:01,-37.8333,140.7667,53.6,94,75,8.05
286,Sibolga,ID,2021-03-26 22:35:01,1.7427,98.7792,76.87,89,100,5.19
287,Sioux Lookout,CA,2021-03-26 22:35:03,50.1001,-91.917,39.2,48,90,8.05
288,Arman,RU,2021-03-26 22:35:04,59.7,150.1667,2.39,85,45,2.06
289,Puerto Escondido,MX,2021-03-26 22:35:04,15.85,-97.0667,84.2,74,40,6.91
290,Comodoro Rivadavia,AR,2021-03-26 22:35:04,-45.8667,-67.5,60.8,67,0,6.91
291,Montepuez,MZ,2021-03-26 22:35:05,-13.1256,38.9997,68.27,98,36,2.66
292,Kalmunai,LK,2021-03-26 22:35:05,7.4167,81.8167,78.51,86,99,1.61
293,Ostrovnoy,RU,2021-03-26 22:35:05,68.0531,39.5131,20.73,89,45,16.58
294,Guiyang,CN,2021-03-26 22:30:07,26.5833,106.7167,53.6,82,90,6.71
295,Chuy,UY,2021-03-26 22:35:06,-33.6971,-53.4616,68.23,94,100,6.11
296,Teeli,RU,2021-03-26 22:35:06,51.0333,90.2333,17.46,56,0,1.48
297,Skelleftea,SE,2021-03-26 22:35:06,64.7507,20.9528,34.0,100,90,5.75
298,Riyadh,SA,2021-03-26 22:33:26,24.6877,46.7219,84.2,15,0,12.66
299,Houma,US,2021-03-26 22:35:07,29.5958,-90.7195,79.0,88,90,13.8
300,Lapeer,US,2021-03-26 22:35:07,43.0514,-83.3188,46.99,71,90,10.36
301,Sur,OM,2021-03-26 22:35:08,22.5667,59.5289,78.53,54,94,4.07
302,Pangnirtung,CA,2021-03-26 22:35:08,66.1451,-65.7125,-11.2,64,20,20.71
303,Tomatlan,MX,2021-03-26 22:35:08,19.9333,-105.25,83.73,30,96,9.98
304,Aleksandrov Gay,RU,2021-03-26 22:35:09,50.147,48.5704,30.11,94,100,12.44
305,Byron Bay,AU,2021-03-26 22:35:09,-28.65,153.6167,68.0,88,74,5.75
306,Iskateley,RU,2021-03-26 22:35:09,67.6803,53.1512,17.15,89,42,10.8
307,Kinablangan,PH,2021-03-26 22:35:10,7.6947,126.5503,78.94,82,95,5.26
308,Myitkyina,MM,2021-03-26 22:35:10,25.3833,97.4,61.59,42,21,1.92
309,Dubbo,AU,2021-03-26 22:31:57,-32.25,148.6167,62.6,77,0,5.75
310,Camacha,PT,2021-03-26 22:35:10,33.0833,-16.3333,64.4,94,40,14.97
311,Luba,GQ,2021-03-26 22:35:11,3.4568,8.5547,78.8,100,20,9.26
312,Dudinka,RU,2021-03-26 22:35:11,69.4058,86.1778,20.44,95,100,13.27
313,Kenai,US,2021-03-26 22:35:11,60.5544,-151.2583,35.6,64,75,6.91
314,Khatanga,RU,2021-03-26 22:35:12,71.9667,102.5,-14.39,99,92,2.66
315,Te Anau,NZ,2021-03-26 22:35:12,-45.4167,167.7167,60.26,65,100,2.3
316,Terrace,CA,2021-03-26 22:30:57,54.5163,-128.6035,41.0,81,90,18.41
317,Hofn,IS,2021-03-26 22:35:13,64.2539,-15.2082,19.81,62,99,20.15
318,Yarada,IN,2021-03-26 22:35:13,17.65,83.2667,77.0,88,35,2.3
319,Jablah,SY,2021-03-26 22:35:13,35.3614,35.9256,42.8,75,40,6.91
320,Sri Aman,MY,2021-03-26 22:35:14,1.2376,111.4621,73.4,100,100,2.19
321,Margate,GB,2021-03-26 22:35:14,51.3813,1.3862,39.99,83,72,1.99
322,Killybegs,IE,2021-03-26 22:35:14,54.6333,-8.45,37.0,89,95,4.0
323,Inirida,CO,2021-03-26 22:32:00,3.8653,-67.9239,73.02,98,100,2.48
324,Beya,RU,2021-03-26 22:35:15,53.0533,90.9139,19.18,83,36,5.93
325,Rajula,IN,2021-03-26 22:35:15,21.05,71.4333,80.92,23,0,10.96
326,Limulunga,ZM,2021-03-26 22:35:15,-15.0969,23.1376,70.61,80,100,4.72
327,Port Elizabeth,ZA,2021-03-26 22:31:44,-33.918,25.5701,68.0,68,0,20.71
328,Dhidhdhoo,MV,2021-03-26 22:35:16,6.8833,73.1,83.57,70,96,5.5
329,Dombarovskiy,RU,2021-03-26 22:35:17,50.7587,59.5386,26.08,97,100,4.5
330,Jonesboro,US,2021-03-26 22:35:17,35.8423,-90.7043,66.99,48,1,4.61
331,Blackwater,AU,2021-03-26 22:35:18,-23.5833,148.8833,79.65,35,0,6.96
332,Saint-Augustin,CA,2021-03-26 22:32:19,51.226,-58.6502,21.31,78,100,18.21
333,Ahipara,NZ,2021-03-26 22:35:18,-35.1667,173.1667,70.2,72,86,15.41
334,Santarem,BR,2021-03-26 22:35:19,-2.4431,-54.7083,78.8,89,40,6.91
335,Jingdezhen,CN,2021-03-26 22:35:19,29.2947,117.2079,63.32,93,100,1.57
336,Smidovich,RU,2021-03-26 22:35:20,48.6,133.8167,33.12,76,100,10.96
337,Mabaruma,GY,2021-03-26 22:35:20,8.2,-59.7833,80.6,83,75,9.22
338,Tateyama,JP,2021-03-26 22:35:21,34.9833,139.8667,55.0,53,42,3.0
339,Rio Gallegos,AR,2021-03-26 22:31:35,-51.6226,-69.2181,55.4,62,0,10.36
340,Moerai,PF,2021-03-26 22:35:21,-22.4333,-151.3333,81.61,70,6,17.58
341,Kavieng,PG,2021-03-26 22:35:21,-2.5744,150.7967,83.08,73,100,9.51
342,Jumla,NP,2021-03-26 22:35:22,29.2747,82.1838,44.2,40,0,4.81
343,Wattegama,LK,2021-03-26 22:35:22,6.7989,81.4808,74.05,90,97,3.06
344,Lyubinskiy,RU,2021-03-26 22:35:22,55.1542,72.6925,17.6,86,0,2.24
345,Nieuw Amsterdam,SR,2021-03-26 22:35:23,5.8833,-55.0833,80.6,83,20,3.44
346,Ouadda,CF,2021-03-26 22:35:23,8.0777,22.4007,68.25,93,100,3.89
347,Presidencia Roque Saenz Pena,AR,2021-03-26 22:35:23,-26.7852,-60.4388,73.0,91,73,4.0
348,Solnechnyy,RU,2021-03-26 22:35:24,50.7214,136.6319,29.21,81,63,3.78
349,Waipawa,NZ,2021-03-26 22:35:24,-41.4122,175.5153,68.0,68,20,14.97
350,Thinadhoo,MV,2021-03-26 22:35:24,0.5333,72.9333,81.16,70,76,4.68
351,Yanam,IN,2021-03-26 22:35:25,16.7333,82.2167,72.21,89,24,2.01
352,Micheweni,TZ,2021-03-26 22:35:25,-4.9667,39.8333,81.72,72,36,5.35
353,Jacmel,HT,2021-03-26 22:35:25,18.2342,-72.5347,87.8,51,40,6.91
354,Lata,PT,2021-03-26 22:35:26,40.1629,-8.3327,54.0,88,4,7.0
355,Nyrob,RU,2021-03-26 22:35:26,60.733,56.7202,27.64,93,93,7.61
356,Cidreira,BR,2021-03-26 22:35:26,-30.1811,-50.2056,71.35,89,99,6.76
357,College,US,2021-03-26 22:35:27,64.8569,-147.8028,26.6,63,90,9.22
358,Toamasina,MG,2021-03-26 22:35:27,-18.1667,49.3833,78.8,94,75,5.75
359,San Patricio,US,2021-03-26 22:34:21,28.017,-97.5169,84.2,51,1,17.27
360,Isiro,CD,2021-03-26 22:35:27,2.7739,27.616,63.36,98,100,2.75
361,Narrabri,AU,2021-03-26 22:35:28,-30.3167,149.7833,72.0,60,49,2.28
362,Mandalgovi,MN,2021-03-26 22:35:28,45.7625,106.2708,38.25,21,56,29.21
363,New Castle,US,2021-03-26 22:30:34,41.0037,-80.347,53.6,62,90,10.36
364,Lucea,JM,2021-03-26 22:35:29,18.451,-78.1736,82.4,74,20,17.27
365,Grootfontein,NA,2021-03-26 22:35:29,-19.5667,18.1167,66.2,88,60,3.44
366,Buces,RO,2021-03-26 22:35:29,46.1833,22.9333,32.86,86,62,3.24
367,Hovd,MN,2021-03-26 22:35:30,48.0056,91.6419,22.14,41,26,1.54
368,Northam,GB,2021-03-26 22:35:30,51.0333,-4.2167,45.0,88,96,7.0
369,Nexo,DK,2021-03-26 22:35:30,55.0607,15.1306,42.8,100,85,9.22
370,Kudahuvadhoo,MV,2021-03-26 22:35:31,2.6708,72.8944,81.9,71,98,8.57
371,Borogontsy,RU,2021-03-26 22:35:31,62.6683,131.1683,10.29,93,100,8.46
372,Najran,SA,2021-03-26 22:35:31,17.4924,44.1277,69.8,21,0,6.91
373,Sao Miguel Do Araguaia,BR,2021-03-26 22:35:32,-13.275,-50.1628,78.66,61,76,3.49
374,Fortuna,US,2021-03-26 22:31:35,40.5982,-124.1573,60.01,62,1,14.97
375,Paita,PE,2021-03-26 22:35:32,-5.0892,-81.1144,84.2,51,0,12.66
376,Dembi Dolo,ET,2021-03-26 22:35:33,8.5333,34.8,63.95,60,73,3.42
377,Nyurba,RU,2021-03-26 22:33:11,63.2842,118.3319,6.39,97,63,6.67
378,Necochea,AR,2021-03-26 22:35:33,-38.5473,-58.7368,63.0,87,100,8.01
379,Bilibino,RU,2021-03-26 22:35:33,68.0546,166.4372,-12.57,93,96,1.5
380,Kokuy,RU,2021-03-26 22:35:34,52.2037,117.5529,26.74,96,100,0.92
381,Olinda,BR,2021-03-26 22:31:19,-8.0089,-34.8553,80.6,69,40,9.22
382,Obala,CM,2021-03-26 22:35:34,4.1667,11.5333,73.4,100,20,3.31
383,Suihua,CN,2021-03-26 22:35:35,46.6406,126.9969,41.52,85,28,9.53
384,Astoria,US,2021-03-26 22:35:35,46.1879,-123.8313,51.01,71,90,9.22
385,Leningradskiy,RU,2021-03-26 22:31:18,69.3833,178.4167,-13.94,93,51,4.56
386,Gbarnga,LR,2021-03-26 22:35:35,6.9956,-9.4722,74.88,91,27,3.8
387,Coahuayana,MX,2021-03-26 22:35:18,18.7333,-103.6833,84.2,39,20,6.4
388,Beloha,MG,2021-03-26 22:35:36,-25.1667,45.05,72.45,84,1,3.76
389,Maarianhamina,AX,2021-03-26 22:35:36,60.0973,19.9348,37.4,93,92,10.36
390,Nanortalik,GL,2021-03-26 22:31:23,60.1432,-45.2371,9.03,68,31,25.39
391,Kawalu,ID,2021-03-26 22:33:43,-7.3817,108.2082,71.8,96,93,1.28
392,Taoudenni,ML,2021-03-26 22:35:37,22.6783,-3.9836,73.47,8,4,12.21
393,Komsomolskiy,UZ,2021-03-26 22:35:37,40.4272,71.7189,53.6,87,100,4.61
394,Oranjemund,NA,2021-03-26 22:35:37,-28.55,16.4333,60.69,83,0,1.9
395,Itamarandiba,BR,2021-03-26 22:35:38,-17.8572,-42.8589,63.99,86,6,3.33
396,Ewa Beach,US,2021-03-26 22:35:38,21.3156,-158.0072,80.6,69,40,6.91
397,Taldan,RU,2021-03-26 22:35:38,53.6667,124.8,22.59,94,100,8.7
398,Salinas,US,2021-03-26 22:35:39,36.6777,-121.6555,71.6,30,1,8.05
399,Zeerust,ZA,2021-03-26 22:35:39,-25.5369,26.0751,57.2,72,1,4.61
400,Severomuysk,RU,2021-03-26 22:35:39,56.1481,113.4267,9.37,95,100,1.86
401,Kloulklubed,PW,2021-03-26 22:35:40,7.0419,134.2556,77.0,100,90,11.5
402,Emerald,AU,2021-03-26 22:33:34,-23.5333,148.1667,75.99,60,0,8.05
403,Tupik,RU,2021-03-26 22:35:40,54.4253,119.9327,20.77,96,97,0.85
404,Kirakira,SB,2021-03-26 22:35:40,-10.4544,161.9205,85.08,72,71,9.42
405,Ulaanbaatar,MN,2021-03-26 22:32:02,47.9077,106.8832,37.4,60,75,8.95
406,Aldan,RU,2021-03-26 22:35:41,58.6031,125.3894,25.03,94,100,4.34
407,Ornskoldsvik,SE,2021-03-26 22:35:41,63.2909,18.7153,30.2,100,40,4.61
408,Charters Towers,AU,2021-03-26 22:35:41,-20.1,146.2667,80.17,61,2,12.64
409,Pedernales,DO,2021-03-26 22:35:42,18.0384,-71.744,81.82,61,0,12.57
410,Luneburg,DE,2021-03-26 22:35:42,53.25,10.4,51.01,57,75,8.05
411,Barcelona,ES,2021-03-26 22:35:35,41.3888,2.159,57.99,88,20,3.44
412,General Roca,AR,2021-03-26 22:35:43,-39.0333,-67.5833,73.4,28,0,4.61
413,Kamaishi,JP,2021-03-26 22:35:43,39.2667,141.8833,43.59,66,63,3.76
414,Tikhvin,RU,2021-03-26 22:32:11,59.6451,33.5294,30.99,91,100,2.3
415,Acari,PE,2021-03-26 22:35:43,-15.4311,-74.6158,74.44,72,36,7.07
416,Cap Malheureux,MU,2021-03-26 22:35:44,-19.9842,57.6142,75.99,86,13,2.37
417,Urumqi,CN,2021-03-26 22:35:44,43.801,87.6005,44.6,76,20,2.24
418,West Lafayette,US,2021-03-26 22:33:42,40.4259,-86.9081,53.6,71,90,5.75
419,Talavera De La Reina,ES,2021-03-26 22:35:44,39.9635,-4.8308,47.59,75,94,1.9
420,Ilek,RU,2021-03-26 22:35:45,51.5271,53.3831,27.61,95,100,6.46
421,Qaqortoq,GL,2021-03-26 22:35:45,60.7167,-46.0333,8.6,47,0,1.14
422,Flinders,AU,2021-03-26 22:33:05,-34.5833,150.8552,68.0,71,7,4.0
423,Guerrero Negro,MX,2021-03-26 22:35:46,27.9769,-114.0611,63.19,50,0,16.82
424,Paraiso,CR,2021-03-26 22:35:46,9.8383,-83.8656,84.2,53,20,16.11
425,Los Llanos De Aridane,ES,2021-03-26 22:35:46,28.6585,-17.9182,69.8,52,90,5.75
426,Athabasca,CA,2021-03-26 22:35:47,54.7169,-113.2854,35.6,51,95,8.05
427,Sayyan,YE,2021-03-26 22:35:47,15.1718,44.3244,54.95,13,9,3.31
428,Namalenga,TZ,2021-03-26 22:35:47,-10.95,39.1,71.15,97,100,2.37
429,Kangaatsiaq,GL,2021-03-26 22:35:48,68.3065,-53.4641,-10.23,89,89,9.31
430,Emet,TR,2021-03-26 22:35:48,39.343,29.2585,28.17,88,66,2.86
431,Saint-Marc-Des-Carrieres,CA,2021-03-26 22:35:49,46.6834,-72.0491,39.0,93,100,4.61
432,Chiredzi,ZW,2021-03-26 22:35:49,-21.05,31.6667,71.55,74,23,5.53
433,Kostomuksha,RU,2021-03-26 22:35:49,64.571,30.5767,31.78,88,58,8.81
434,Rio Claro,BR,2021-03-26 22:35:49,-22.4114,-47.5614,80.6,69,20,5.75
435,Wukari,NG,2021-03-26 22:35:50,7.85,9.7833,85.98,30,17,2.86
436,Beisfjord,NO,2021-03-26 22:35:50,68.3751,17.5988,39.2,60,20,6.91
437,Matias Olimpio,BR,2021-03-26 22:35:51,-3.7158,-42.5556,72.57,99,100,3.69
438,Vicksburg,US,2021-03-26 22:34:27,32.3526,-90.8779,82.4,54,40,5.75
439,Wahiawa,US,2021-03-26 22:35:51,21.5028,-158.0236,80.6,61,75,8.05
440,Waynesboro,US,2021-03-26 22:31:57,38.0685,-78.8895,80.6,25,1,9.22
441,Staraya Kulatka,RU,2021-03-26 22:35:51,52.7167,47.6167,32.72,97,100,5.84
442,At-Bashi,KG,2021-03-26 22:35:52,41.1702,75.8106,36.86,82,95,2.62
443,Kozyatyn,UA,2021-03-26 22:35:52,49.7143,28.8339,39.47,82,100,4.5
444,Gizo,SB,2021-03-26 22:35:53,-8.103,156.8419,84.43,70,56,6.87
445,Valdosta,US,2021-03-26 22:35:53,30.8327,-83.2785,84.2,61,40,11.5
446,Shinpokh,PK,2021-03-26 22:35:54,34.3292,71.1782,64.4,72,20,11.5
447,Ponta Delgada,PT,2021-03-26 22:35:54,37.7333,-25.6667,55.4,76,20,5.75
448,Seredeyskiy,RU,2021-03-26 22:35:54,54.0507,35.2318,33.53,99,100,3.58
449,Holland,US,2021-03-26 22:33:48,42.7875,-86.1089,41.0,75,90,6.91
450,Kupang,ID,2021-03-26 22:35:55,-10.1667,123.5833,75.2,100,20,3.44
451,Port Harcourt,NG,2021-03-26 22:35:55,4.7774,7.0134,82.4,83,14,4.61
452,Samarai,PG,2021-03-26 22:33:29,-10.6167,150.6667,83.53,75,95,9.8
453,Huilong,CN,2021-03-26 22:35:55,31.8111,121.655,63.0,93,99,1.99
454,Buchanan,LR,2021-03-26 22:35:56,5.8808,-10.0467,78.8,94,20,6.53
455,Rawson,AR,2021-03-26 22:31:54,-43.3002,-65.1023,61.03,60,1,6.53
456,Mataram,ID,2021-03-26 22:35:56,-8.5833,116.1167,75.2,100,75,1.14
457,Takapau,NZ,2021-03-26 22:35:57,-40.0333,176.35,73.99,54,8,4.56
458,Ati,TD,2021-03-26 22:35:57,13.2154,18.3353,78.39,13,52,17.78
459,Gat,IL,2021-03-26 22:31:27,31.61,34.7642,55.0,100,99,1.01
460,Poya,NC,2021-03-26 22:33:25,-21.35,165.15,85.41,57,4,3.2
461,Noyabrsk,RU,2021-03-26 22:35:58,63.1994,75.4507,29.16,97,100,6.73
462,Akyab,MM,2021-03-26 22:35:58,20.15,92.9,75.6,40,41,6.87
463,Olafsvik,IS,2021-03-26 22:35:58,64.8945,-23.7142,19.13,63,96,13.98
464,Mikhaylovskoye,RU,2021-03-26 22:35:59,51.8239,79.7172,18.86,94,80,6.76
465,Matinhos,BR,2021-03-26 22:33:51,-25.8175,-48.5428,73.4,94,75,3.44
466,Payakumbuh,ID,2021-03-26 22:35:59,-0.2202,100.6308,69.48,97,100,1.99
467,Oistins,BB,2021-03-26 22:35:59,13.0667,-59.5333,78.8,61,75,19.57
468,Desaguadero,PE,2021-03-26 22:36:00,-16.5656,-69.0417,50.2,64,22,6.49
469,Sarankhola,BD,2021-03-26 22:36:00,22.3082,89.7897,74.93,68,1,5.32
470,Forest,US,2021-03-26 22:36:00,37.3638,-79.2897,80.6,21,1,8.05
471,Yemelyanovo,RU,2021-03-26 22:36:01,56.1681,92.6767,24.8,86,40,11.18
472,Batagay-Alyta,RU,2021-03-26 22:36:01,67.8006,130.4114,-4.74,94,100,1.57
473,Tonantins,BR,2021-03-26 22:36:02,-2.8731,-67.8022,75.22,95,80,1.68
474,Pointe-Noire,CG,2021-03-26 22:36:02,-4.7761,11.8635,77.0,94,20,2.3
475,Saint-Jovite,CA,2021-03-26 22:32:19,46.1186,-74.5966,41.0,100,100,2.3
476,Le Port,RE,2021-03-26 22:36:02,-20.9373,55.2919,77.0,83,20,5.75
477,Saurimo,AO,2021-03-26 22:36:03,-9.6608,20.3916,64.65,98,100,3.58
478,Russell,US,2021-03-26 22:36:03,32.3502,-85.1999,71.01,88,90,2.93
479,Newcastle,AU,2021-03-26 22:31:47,-32.9272,151.7765,71.01,77,42,10.36
480,Santa Cruz,BO,2021-03-26 22:35:53,-17.8,-63.1667,82.4,83,75,11.5
481,Mackenzie,CA,2021-03-26 22:36:04,55.2999,-123.1698,39.2,52,90,3.44
482,Kabalo,CD,2021-03-26 22:35:58,-6.05,26.9167,67.35,95,100,2.75
483,Verkhniy Uslon,RU,2021-03-26 22:36:04,55.7701,48.9823,32.0,80,75,6.71
484,Namatanai,PG,2021-03-26 22:36:04,-3.6667,152.4333,83.12,74,100,9.01
485,Kysyl-Syr,RU,2021-03-26 22:32:51,63.8986,122.7617,8.67,98,90,3.22
486,Vila Franca Do Campo,PT,2021-03-26 22:32:12,37.7167,-25.4333,55.4,76,20,5.75
487,Oyama,JP,2021-03-26 22:36:05,36.3,139.8,55.0,75,20,2.3
488,Turayf,SA,2021-03-26 22:36:05,31.6725,38.6637,44.6,87,0,13.8
489,Tarauaca,BR,2021-03-26 22:36:06,-8.1614,-70.7656,75.34,96,64,2.08
490,Havelock,US,2021-03-26 22:36:06,34.8791,-76.9013,69.01,90,98,7.0
491,Dzhuryn,UA,2021-03-26 22:36:06,49.0329,25.5839,39.0,68,100,4.41
492,Salina,US,2021-03-26 22:36:07,38.8403,-97.6114,71.01,43,1,16.11
493,Lavrentiya,RU,2021-03-26 22:36:07,65.5833,-171.0,2.71,79,100,7.27
494,Kasempa,ZM,2021-03-26 22:36:07,-13.4584,25.8338,63.72,96,99,5.26
495,Jurilovca,RO,2021-03-26 22:36:08,44.7667,28.8667,41.0,65,25,13.8
496,Bubaque,GW,2021-03-26 22:36:08,11.2833,-15.8333,76.71,75,7,21.34
497,Mana,GF,2021-03-26 22:36:08,5.6592,-53.7767,77.74,84,24,10.85
498,Buala,SB,2021-03-26 22:36:09,-8.145,159.5921,84.6,73,33,11.25
499,Srednekolymsk,RU,2021-03-26 22:36:09,67.45,153.6833,-4.72,85,46,4.14
500,Hanyang,CN,2021-03-26 22:36:09,32.1371,105.5126,55.99,76,99,1.41
501,Rieti,IT,2021-03-26 22:36:10,42.4072,12.8592,48.99,80,88,9.22
502,Le Vauclin,MQ,2021-03-26 22:36:10,14.5452,-60.8388,77.0,83,75,10.36
503,Council Bluffs,US,2021-03-26 22:31:12,41.2619,-95.8608,57.99,47,75,9.22
504,China,MX,2021-03-26 22:36:11,25.7,-99.2333,91.06,24,3,10.71
505,Bisert,RU,2021-03-26 22:36:11,56.8617,59.0523,30.67,99,100,1.9
506,Turukhansk,RU,2021-03-26 22:34:30,65.8167,87.9833,26.82,96,100,14.41
507,Iqaluit,CA,2021-03-26 22:36:11,63.7506,-68.5145,-13.0,64,1,17.27
508,Ukiah,US,2021-03-26 22:36:12,39.1502,-123.2078,72.0,20,1,4.61
509,Guadalupe Y Calvo,MX,2021-03-26 22:36:12,26.1,-106.9667,59.54,11,38,14.03
510,Tual,ID,2021-03-26 22:36:12,-5.6667,132.75,83.7,70,63,4.7
511,Quatre Cocos,MU,2021-03-26 22:32:34,-20.2078,57.7625,77.0,88,20,3.44
512,Elat,IL,2021-03-26 22:36:13,29.5581,34.9482,59.0,47,40,13.8
513,Monteagudo,BO,2021-03-26 22:36:13,-19.8167,-63.9833,77.0,88,90,4.61
514,Gamba,GA,2021-03-26 22:34:23,-2.65,10.0,77.72,81,97,3.69
515,Vwawa,TZ,2021-03-26 22:36:14,-9.1167,32.9333,60.4,98,100,1.77
516,Tshela,CD,2021-03-26 22:36:14,-4.9833,12.9333,72.59,98,100,1.9
517,Ayagoz,KZ,2021-03-26 22:36:14,47.9714,80.4392,32.94,97,100,2.98
518,Hastings,GB,2021-03-26 22:32:13,50.8552,0.5729,44.01,66,62,5.99
519,Beringovskiy,RU,2021-03-26 22:36:15,63.05,179.3167,2.26,86,90,13.85
520,Deputatskiy,RU,2021-03-26 22:36:15,69.3,139.9,-1.8,72,100,0.76
521,Ust-Kuyga,RU,2021-03-26 22:31:52,70.0167,135.6,0.68,96,100,6.69
522,Dingle,PH,2021-03-26 22:31:47,10.9995,122.6711,77.47,86,78,7.27
523,Chegdomyn,RU,2021-03-26 22:36:16,51.1167,133.0167,26.1,78,100,2.01
524,Egvekinot,RU,2021-03-26 22:35:13,66.3167,-179.1667,-6.45,81,100,8.25
525,Sovetskiy,RU,2021-03-26 22:36:16,61.3614,63.5842,24.17,94,13,7.31
526,Diourbel,SN,2021-03-26 22:36:17,14.6628,-16.3925,78.8,50,1,6.91
527,Toora-Khem,RU,2021-03-26 22:36:17,52.4675,96.11,12.97,95,32,3.04
528,Asau,RO,2021-03-26 22:36:17,46.4333,26.4,34.0,63,13,4.76
529,Talara,PE,2021-03-26 22:36:18,-4.5772,-81.2719,84.2,51,0,12.66
530,Khandyga,RU,2021-03-26 22:36:18,62.6667,135.6,10.38,80,100,4.41
531,Marsh Harbour,BS,2021-03-26 22:35:27,26.5412,-77.0636,76.35,73,37,10.27
532,Develi,TR,2021-03-26 22:36:18,38.3906,35.4922,30.2,80,75,10.36
533,Zwedru,LR,2021-03-26 22:36:19,6.0667,-8.1281,74.71,91,31,5.23
534,Zholymbet,KZ,2021-03-26 22:36:19,51.7433,71.7122,25.99,91,100,3.47
535,Whitianga,NZ,2021-03-26 22:36:19,-36.8333,175.7,73.99,66,81,8.99
536,Charcas,MX,2021-03-26 22:36:20,23.1333,-101.1167,80.49,4,87,15.46
537,Paso De Carrasco,UY,2021-03-26 22:36:20,-34.8603,-56.0522,71.6,94,90,5.75
538,Puerto Boyaca,CO,2021-03-26 22:36:20,5.9758,-74.5885,80.46,79,88,1.81
539,Terney,RU,2021-03-26 22:36:21,45.0503,136.6092,35.78,76,100,8.05
540,Sambava,MG,2021-03-26 22:36:21,-14.2667,50.1667,76.33,92,100,3.83
541,Torbay,CA,2021-03-26 22:31:56,47.6666,-52.7314,45.0,93,90,12.66
542,Cherskiy,RU,2021-03-26 22:33:10,68.75,161.3,-8.73,92,93,7.09
543,Ossora,RU,2021-03-26 22:36:22,59.2353,163.0719,8.01,82,15,4.21
544,Gogrial,SS,2021-03-26 22:36:22,8.5332,28.1004,80.38,59,82,9.24
545,Baykit,RU,2021-03-26 22:36:23,61.67,96.37,8.56,99,100,2.62
546,Capreol,CA,2021-03-26 22:36:23,46.706,-80.9225,33.01,69,90,8.05
547,Araouane,ML,2021-03-26 22:36:23,18.9048,-3.5265,73.4,5,0,10.85
548,Kamenka,RU,2021-03-26 22:36:24,51.3223,42.7678,33.01,87,100,7.74
549,Kavaratti,IN,2021-03-26 22:31:40,10.5669,72.642,82.62,73,27,2.51
550,Atar,MR,2021-03-26 22:36:24,20.5169,-13.0499,81.66,11,7,5.68
551,Barcelos,PT,2021-03-26 22:36:25,41.5388,-8.6151,51.01,87,0,4.61
552,Broken Hill,AU,2021-03-26 22:36:26,-31.95,141.4333,60.8,82,1,11.5
553,Kankan,GN,2021-03-26 22:36:26,10.3854,-9.3057,83.12,13,20,5.3
554,Snezhnogorsk,RU,2021-03-26 22:36:27,69.1933,33.2531,21.2,79,0,2.24
555,Dunedin,NZ,2021-03-26 22:32:28,-45.8742,170.5036,62.01,67,66,5.01
556,Angoche,MZ,2021-03-26 22:36:27,-16.2325,39.9086,77.52,77,15,3.24
557,Kavos,GR,2021-03-26 22:36:28,38.8268,22.8322,42.01,66,3,1.99
558,Balykshi,KZ,2021-03-26 22:36:28,47.0667,51.8667,33.8,100,90,20.13
559,Raga,SS,2021-03-26 22:36:28,8.4596,25.678,75.69,71,100,9.26
560,Nueve De Julio,AR,2021-03-26 22:36:29,-35.4444,-60.8831,64.99,99,100,1.99
561,Chabahar,IR,2021-03-26 22:36:29,25.2919,60.643,75.58,75,65,6.24
562,Mayumba,GA,2021-03-26 22:36:29,-3.432,10.6554,78.49,82,100,3.8
563,Sao Joaquim,BR,2021-03-26 22:36:30,-28.2939,-49.9317,59.56,94,96,3.33
564,Burgeo,CA,2021-03-26 22:36:30,47.6167,-57.6152,37.8,99,100,9.35
565,Kigorobya,UG,2021-03-26 22:36:30,1.6162,31.3089,69.42,80,100,13.87
566,Saint-Francois,FR,2021-03-26 22:36:31,46.4154,3.9054,51.8,82,90,6.91
567,Saint George,US,2021-03-26 22:36:31,37.1041,-113.5841,61.0,25,20,6.91
568,Zeya,RU,2021-03-26 22:36:31,53.75,127.2667,26.96,78,99,3.11
569,Grand Gaube,MU,2021-03-26 22:36:32,-20.0064,57.6608,75.99,86,14,2.24
570,Asfi,MA,2021-03-26 22:36:32,32.2994,-9.2372,67.24,49,99,18.97
571,Alta Floresta,BR,2021-03-26 22:36:32,-9.8756,-56.0861,87.8,58,40,3.44
572,Onguday,RU,2021-03-26 22:36:33,50.75,86.15,10.92,90,5,3.13
573,Poum,NC,2021-03-26 22:36:33,-20.2333,164.0167,80.98,69,4,9.08
574,Butterworth,MY,2021-03-26 22:36:33,5.3991,100.3638,78.8,100,40,2.57
575,Arlit,NE,2021-03-26 22:33:42,18.7369,7.3853,67.08,13,0,10.8
576,Ningbo,CN,2021-03-26 22:36:34,29.8782,121.5495,64.99,88,87,8.95
577,Muisne,EC,2021-03-26 22:36:34,0.6,-80.0333,80.6,83,75,5.75
